# Jarðhiti (N500V), Náttúrufræðistofnun, after Helgi Torfason 2003, Jarðhitakort af Íslandi (NI-03016)
# source:    https://gis.lmi.is/geoserver/wfs?service=WFS&version=2.0.0&request=GetFeature&typeNames=ni:ni_n50v_serstok_vernd_1_n500v_jardhiti_p&outputFormat=application/json&srsName=EPSG:4326
# licence:   CC BY 4.0 -- attribution: "Jarðhiti (N500V)" by Náttúrufræðistofnun is licensed under CC BY 4.0
# sha256:    5bae61ffb29609740a07e9038d24d1db05a1bc763f0d28fe1adbda0dc2fb6c4c  (of the rows below, so a hand edit is detectable)
# retrieved: 2026-09-24
# Generated by scripts/fetch-iceland-geothermal.mjs. Do not edit by hand.
id	type	lat	lng	accuracyMeters
1	volgra	64.133	-21.7362	500
2	volgra	64.2156	-21.7725	500
3	volgra	64.2259	-21.4278	500
4	volgra	64.2503	-21.3897	500
5	volgra	64.4596	-21.2992	500
6	volgra	64.464	-21.13	500
7	volgra	64.4711	-21.1267	500
8	volgra	64.4763	-21.1237	500
9	volgra	64.4868	-21.1199	500
10	volgra	64.5209	-21.0811	500
11	volgra	64.526	-21.1427	500
12	volgra	64.5477	-21.3482	500
13	volgra	64.6732	-21.087	500
14	laug	64.681	-21.0957	500
15	volgra	64.632	-21.4704	500
16	volgra	64.6631	-21.4345	500
17	volgra	64.7139	-21.305	500
18	volgra	64.6969	-21.0569	500
19	volgra	64.6941	-20.9042	500
20	volgra	64.8827	-20.9134	500
21	volgra	64.7502	-21.413	500
22	volgra	64.7572	-21.4069	500
23	kolsýrulaugar	64.8597	-22.311	500
24	volgra	64.8309	-22.9152	500
25	volgra	65.6255	-22.948	500
26	volgra	65.6191	-22.9375	500
27	volgra	65.5769	-23.1838	500
28	volgra	65.5482	-23.2032	500
29	volgra	65.4867	-23.2527	500
30	volgra	65.5204	-23.3425	500
31	volgra	65.5155	-23.3636	500
32	volgra	65.5057	-23.5266	500
33	volgra	65.591	-23.5347	500
34	volgra	65.6058	-23.5571	500
35	volgra	65.6021	-23.5854	500
36	volgra	65.5863	-23.7542	500
37	volgra	65.5926	-23.7755	500
38	volgra	65.6342	-23.8503	500
39	volgra	65.8036	-22.8257	500
40	volgra	65.9282	-22.8048	500
41	volgra	65.9967	-22.1451	500
42	volgra	66.1128	-22.5381	500
43	volgra	66.1985	-21.9159	500
44	volgra	66.0729	-21.7432	500
45	volgra	66.048	-21.7229	500
46	volgra	66.0416	-21.7842	500
47	volgra	65.818	-21.6335	500
48	volgra	65.7976	-21.3352	500
49	volgra	65.7589	-21.4622	500
50	volgra	65.4523	-21.3999	500
51	volgra	65.7437	-19.6504	500
52	volgra	65.6947	-19.7943	500
53	volgra	65.6224	-19.606	500
54	volgra	65.5311	-19.3211	500
55	volgra	65.5068	-19.3003	500
56	volgra	65.4375	-19.3302	500
57	volgra	65.386	-19.2285	500
58	volgra	65.3781	-19.2203	500
59	volgra	65.3482	-19.1944	500
60	volgra	65.4231	-19.0875	500
61	volgra	65.6558	-19.0995	500
62	volgra	66.1057	-18.793	500
63	volgra	66.008	-18.7695	500
64	volgra	65.9999	-18.7801	500
65	volgra	65.9261	-18.5946	500
66	volgra	65.8736	-17.9687	500
67	volgra	65.5978	-17.9905	500
68	volgra	65.5915	-18.0453	500
69	volgra	65.5607	-18.1289	500
70	volgra	65.4448	-18.2828	500
71	volgra	65.4045	-17.3991	500
72	volgra	65.3838	-17.2999	500
73	volgra	65.5492	-17.1501	500
74	volgra	65.6141	-16.9187	500
75	volgra	66.0815	-16.6893	500
76	volgra	66.1379	-16.6576	500
77	volgra	66.146	-16.5565	500
78	volgra	66.2868	-15.8362	500
79	volgra	66.0721	-15.5278	500
80	volgra	65.4641	-14.6376	500
81	volgra	65.1086	-15.5072	500
82	laug	65.1015	-15.5107	500
83	volgra	65.0525	-15.5296	500
84	volgra	65.0235	-15.5444	500
85	volgra	65.013	-15.5704	500
86	laug	64.9993	-15.5722	500
87	volgra	65.0811	-15.6732	500
88	volgra	65.0743	-15.694	500
89	volgra	64.8084	-16.0431	500
90	volgra	64.9647	-15.1585	500
91	volgra	64.9467	-15.194	500
92	volgra	64.8333	-15.3156	500
93	volgra	64.8264	-15.3165	500
94	volgra	64.8262	-15.3673	500
95	volgra	64.8404	-15.3897	500
96	volgra	64.7177	-16.6693	500
97	volgra	64.7002	-17.871	500
98	volgra	64.0408	-17.4724	500
99	volgra	63.7606	-18.4849	500
100	volgra	63.7387	-18.6001	500
101	volgra	63.9594	-20.049	500
102	volgra	64.4031	-20.0087	500
103	volgra	64.3235	-20.1232	500
104	volgra	64.2766	-20.1609	500
105	volgra	64.3138	-20.3133	500
106	volgra	64.2767	-20.2422	500
107	volgra	64.2625	-20.2844	500
108	volgra	64.2574	-20.3052	500
109	volgra	64.2565	-20.201	500
110	volgra	64.2111	-20.1294	500
111	volgra	64.2095	-20.273	500
112	volgra	64.1559	-20.2915	500
113	volgra	64.193	-20.7183	500
114	volgra	64.1761	-20.6067	500
115	volgra	64.1671	-20.5119	500
116	volgra	64.1034	-20.3752	500
117	volgra	64.0856	-20.3399	500
118	volgra	64.0881	-20.5005	500
119	volgra	63.9812	-20.2164	500
120	volgra	63.9537	-20.2658	500
121	volgra	63.9721	-20.394	500
122	volgra	63.9806	-20.4273	500
123	volgra	63.8885	-20.6159	500
124	volgra	63.9041	-20.5664	500
125	volgra	63.8712	-20.807	500
126	volgra	63.9325	-20.8315	500
127	volgra	63.9741	-20.8567	500
128	volgra	64.0343	-21.0443	500
129	volgra	63.9708	-21.2272	500
130	volgra	64.1262	-21.9343	500
131	volgra	64.122	-21.7944	500
132	volgra	64.1285	-21.7857	500
133	volgra	64.2934	-21.479	500
134	volgra	64.3586	-21.381	500
135	volgra	64.3557	-21.2862	500
136	volgra	64.3655	-21.3083	500
137	volgra	64.3825	-21.2786	500
138	volgra	64.3885	-21.2904	500
139	volgra	64.4876	-21.4966	500
140	volgra	64.469	-21.2656	500
141	volgra	64.4896	-21.317	500
142	volgra	64.4803	-21.325	500
143	volgra	64.4842	-21.3428	500
144	volgra	64.452	-21.0857	500
145	volgra	64.5306	-21.175	500
146	volgra	64.6755	-21.0549	500
147	volgra	64.6746	-21.0742	500
148	volgra	64.7098	-21.0777	500
149	volgra	64.6717	-21.1719	500
150	volgra	64.6475	-21.1604	500
151	volgra	64.6577	-21.2227	500
152	volgra	64.7663	-21.2328	500
153	volgra	64.782	-21.5165	500
154	volgra	64.8896	-20.5954	500
155	volgra	64.8885	-21.201	500
156	kolsýrulaugar	64.8993	-22.1029	500
157	kolsýrulaugar	64.9159	-22.7789	500
158	kolsýrulaugar	64.841	-22.9648	500
159	volgra	65.1376	-22.0908	500
160	volgra	65.4896	-21.932	500
161	volgra	65.5775	-22.2815	500
162	volgra	65.5766	-22.9689	500
163	volgra	65.5878	-23.1122	500
164	volgra	65.5845	-23.1502	500
165	volgra	65.5198	-23.4256	500
166	volgra	65.5042	-23.4935	500
167	volgra	65.5871	-23.9651	500
168	volgra	65.5971	-23.7837	500
169	volgra	65.5874	-23.766	500
170	volgra	65.6135	-23.6043	500
171	volgra	65.625	-23.6004	500
172	volgra	65.6382	-23.6286	500
173	volgra	65.7371	-23.2096	500
174	volgra	65.7886	-22.844	500
175	volgra	65.807	-22.5271	500
176	volgra	65.8882	-22.296	500
177	volgra	65.8892	-22.6155	500
178	volgra	65.927	-22.5848	500
179	volgra	65.8941	-22.8586	500
180	volgra	65.9094	-23.0034	500
181	volgra	66.1147	-23.2618	500
182	volgra	66.1122	-22.6109	500
183	volgra	66.2437	-22.0787	500
184	volgra	66.212	-21.9307	500
185	volgra	66.1917	-21.9321	500
186	volgra	66.1907	-22.0122	500
187	volgra	66.1808	-22.0358	500
188	volgra	66.0573	-21.7598	500
189	volgra	66.2888	-22.5772	500
190	volgra	65.8216	-21.3642	500
191	volgra	65.7702	-21.5355	500
192	volgra	65.3123	-20.9075	500
193	volgra	65.4304	-19.913	500
194	volgra	65.6866	-19.7412	500
195	volgra	65.5817	-19.3546	500
196	volgra	65.5914	-19.324	500
197	volgra	65.5704	-19.3126	500
198	volgra	65.5537	-19.2887	500
199	volgra	65.5469	-19.181	500
200	volgra	65.5366	-19.469	500
201	volgra	65.521	-19.4086	500
202	volgra	65.5119	-19.3112	500
203	volgra	65.4955	-19.2997	500
204	volgra	65.4911	-19.274	500
205	volgra	65.4446	-19.3682	500
206	volgra	65.4527	-19.3292	500
207	volgra	65.4493	-19.2713	500
208	volgra	65.4583	-19.2163	500
209	volgra	65.4097	-19.2633	500
210	volgra	65.3754	-19.2436	500
211	volgra	65.2623	-18.9777	500
212	volgra	65.6443	-19.0911	500
213	volgra	65.6962	-19.0491	500
214	volgra	65.9928	-19.3431	500
215	volgra	65.9986	-19.025	500
216	volgra	66.1045	-18.6179	500
217	volgra	66.0799	-18.6214	500
218	volgra	66.0432	-18.6716	500
219	volgra	66.0317	-18.7435	500
220	volgra	66.0079	-18.7103	500
221	volgra	66.0112	-18.7465	500
222	volgra	66.0136	-18.7866	500
223	volgra	65.9885	-18.5579	500
224	volgra	65.9544	-18.5848	500
225	volgra	65.8944	-18.0751	500
226	volgra	65.4536	-18.2641	500
227	volgra	65.4302	-18.2327	500
228	volgra	65.4185	-18.3189	500
229	volgra	65.3767	-17.3871	500
230	volgra	65.4277	-17.3697	500
231	volgra	65.4484	-17.3858	500
232	volgra	65.6067	-17.1792	500
233	volgra	65.6335	-17.1602	500
234	volgra	66.0978	-16.9267	500
235	volgra	66.1007	-16.4373	500
236	volgra	65.1053	-15.6875	500
237	volgra	65.0696	-15.6835	500
238	volgra	65.044	-15.7117	500
239	volgra	65.0171	-15.7399	500
240	volgra	65.0189	-15.7892	500
241	volgra	64.996	-15.8497	500
242	volgra	64.7978	-16.1556	500
243	volgra	64.7035	-17.8641	500
244	volgra	64.5839	-18.1107	500
245	volgra	65.1026	-15.5372	500
246	volgra	65.102	-15.5517	500
247	volgra	65.0981	-15.5486	500
248	volgra	65.0847	-15.5302	500
249	volgra	65.0567	-15.5436	500
250	volgra	64.995	-15.5358	500
251	volgra	64.993	-15.6018	500
252	volgra	64.984	-15.6136	500
253	volgra	64.9711	-15.6037	500
254	volgra	64.9533	-15.6084	500
255	kolsýrulaugar	64.8956	-15.4924	500
256	volgra	64.7972	-15.322	500
257	volgra	64.8059	-15.3153	500
258	volgra	64.8193	-15.3823	500
259	volgra	64.8138	-15.3904	500
260	volgra	64.8519	-15.3697	500
261	volgra	64.9235	-15.284	500
262	volgra	64.9428	-15.2372	500
263	volgra	64.6407	-16.6267	500
264	volgra	63.5535	-19.6607	500
265	volgra	64.2114	-19.5786	500
266	volgra	64.3105	-20.2476	500
267	volgra	64.3087	-20.3112	500
268	volgra	64.259	-20.2236	500
269	volgra	64.2738	-20.2616	500
270	volgra	64.2811	-20.2792	500
271	volgra	64.2541	-20.2927	500
272	volgra	64.238	-20.1911	500
273	volgra	64.1986	-20.1626	500
274	volgra	64.1759	-20.2825	500
275	volgra	64.1658	-20.3018	500
276	volgra	64.1956	-20.3378	500
277	volgra	64.2666	-20.4571	500
278	volgra	64.2278	-20.5322	500
279	volgra	64.1285	-20.5382	500
280	volgra	64.0911	-20.4396	500
281	volgra	64.0938	-20.6509	500
282	volgra	64.0839	-20.6527	500
283	volgra	64.0017	-20.1059	500
284	volgra	64.0065	-20.2102	500
285	volgra	64.0461	-20.247	500
286	volgra	64.0163	-20.3613	500
287	volgra	63.9016	-20.6033	500
288	volgra	63.9035	-20.642	500
289	volgra	63.8356	-20.5911	500
290	volgra	63.8873	-20.7778	500
291	volgra	64.0701	-20.8598	500
292	volgra	64.041	-21.028	500
293	volgra	63.9467	-21.0594	500
294	volgra	63.9687	-21.1561	500
295	volgra	63.9789	-21.1459	500
296	volgra	63.9613	-21.2646	500
297	volgra	63.835	-18.212	500
298	volgra	64.1262	-16.0182	500
299	volgra	64.92	-15.8702	500
300	volgra	64.152	-21.8073	500
301	kolsýrulaugar	64.7506	-22.127	500
302	kolsýrulaugar	64.8881	-22.1417	500
303	kolsýrulaugar	64.911	-22.1113	500
304	kolsýrulaugar	64.9141	-22.2253	500
305	kolsýrulaugar	64.8543	-22.3153	500
306	kolsýrulaugar	64.897	-22.3473	500
307	kolsýrulaugar	64.8521	-22.4075	500
308	kolsýrulaugar	64.8783	-22.534	500
309	kolsýrulaugar	64.7889	-22.6302	500
310	kolsýrulaugar	64.8384	-22.9945	500
311	kolsýrulaugar	64.9375	-22.9889	500
312	kolsýrulaugar	64.9187	-23.2571	500
313	kolsýrulaugar	64.8661	-23.2921	500
314	kolsýrulaugar	64.8515	-23.3682	500
315	kolsýrulaugar	64.8317	-23.3493	500
316	kolsýrulaugar	64.8469	-23.3924	500
317	kolsýrulaugar	64.843	-23.4312	500
318	kolsýrulaugar	64.9108	-23.4336	500
319	kolsýrulaugar	64.8912	-23.4907	500
320	kolsýrulaugar	64.9065	-23.5312	500
321	kolsýrulaugar	64.9145	-23.5394	500
322	kolsýrulaugar	64.8536	-23.5967	500
323	kolsýrulaugar	64.8883	-23.6887	500
324	volgra	64.917	-15.9739	500
325	kolsýrulaugar	64.3402	-15.2344	500
326	kolsýrulaugar	64.2443	-15.4602	500
327	kolsýrulaugar	64.2012	-17.433	500
328	laug	63.8612	-18.9338	500
329	hver	63.8701	-18.9401	500
330	laug	64.1145	-21.8384	500
331	laug	64.1448	-21.9137	500
332	laug	64.6938	-20.9253	500
333	laug	64.511	-21.0996	500
334	laug	64.5353	-21.1608	500
335	laug	64.663	-21.2478	500
336	laug	64.7537	-21.3042	500
337	laug	64.9508	-21.7443	500
338	laug	65.5902	-23.1172	500
339	laug	65.5753	-23.169	500
340	laug	65.5097	-23.3829	500
341	laug	65.5163	-23.4066	500
342	laug	65.5503	-23.4289	500
343	laug	65.6075	-23.462	500
344	laug	65.6181	-23.627	500
345	laug	66.0542	-22.7588	500
346	laug	65.9957	-22.8193	500
347	laug	65.8996	-23.0037	500
348	laug	65.956	-22.5311	500
349	laug	65.9177	-22.5914	500
350	laug	65.8385	-22.6417	500
351	laug	65.8244	-22.6423	500
352	laug	65.8241	-22.6608	500
353	laug	65.7907	-22.7022	500
354	laug	65.8045	-22.7193	500
355	laug	65.7936	-22.7338	500
356	laug	65.931	-22.3542	500
357	laug	65.9012	-22.3573	500
358	laug	65.8984	-22.2974	500
359	laug	65.8569	-22.3519	500
360	laug	65.835	-22.4403	500
361	laug	65.8226	-22.4525	500
362	laug	65.8031	-22.5038	500
363	laug	65.7905	-22.5733	500
364	laug	65.8686	-21.3622	500
365	laug	65.7664	-21.4066	500
366	laug	65.7728	-21.4614	500
367	laug	65.7745	-21.5244	500
368	laug	65.7832	-21.5194	500
369	laug	65.7976	-21.6107	500
370	laug	65.5624	-21.4974	500
371	laug	65.5585	-21.5235	500
372	laug	65.2126	-21.1088	500
373	laug	65.271	-21.0996	500
374	laug	65.8259	-19.8708	500
375	laug	65.6227	-19.5843	500
376	laug	65.5212	-19.3164	500
377	laug	65.5036	-19.4018	500
378	laug	65.4532	-19.3924	500
379	laug	65.4287	-19.3183	500
380	laug	65.4401	-19.2394	500
381	laug	65.3752	-19.0979	500
382	laug	65.359	-19.1086	500
383	laug	66.0203	-19.0298	500
384	laug	66.1166	-18.8802	500
385	laug	66.0822	-18.6656	500
386	laug	66.0675	-18.682	500
387	laug	65.9798	-18.8184	500
388	laug	66.0281	-18.5088	500
389	laug	65.9608	-18.452	500
390	laug	65.7444	-18.083	500
391	laug	65.5553	-18.0769	500
392	laug	64.8633	-17.6507	500
393	laug	65.5638	-17.2291	500
394	volgra	65.6282	-16.9257	500
395	laug	65.1279	-15.6636	500
396	laug	65.0868	-15.5845	500
397	laug	64.9469	-15.6413	500
398	laug	64.8935	-15.8409	500
399	laug	64.8994	-15.9572	500
400	laug	64.6916	-16.509	500
401	laug	64.1566	-17.5285	500
402	laug	64.1517	-17.5714	500
403	laug	64.0533	-17.7239	500
404	laug	63.5461	-19.3611	500
405	laug	64.3741	-21.2545	500
406	laug	64.3645	-21.2873	500
407	laug	64.1713	-21.5433	500
408	laug	64.3213	-20.3152	500
409	laug	64.2349	-20.2448	500
410	laug	64.21	-20.2187	500
411	laug	64.2056	-20.3629	500
412	laug	64.1231	-20.262	500
413	laug	64.1862	-20.4217	500
414	laug	64.1891	-20.5871	500
415	laug	64.1724	-20.4644	500
416	laug	63.9669	-19.9894	500
417	laug	64.0222	-20.1638	500
418	laug	64.0051	-20.2402	500
419	laug	63.9318	-20.5411	500
420	laug	63.9231	-20.6274	500
421	laug	63.9797	-20.5397	500
422	laug	63.8902	-20.8049	500
423	laug	63.9652	-20.8127	500
424	laug	64.0066	-20.8523	500
425	laug	64.0137	-20.927	500
426	laug	63.947	-21.0379	500
427	laug	63.9784	-21.1902	500
428	volgra	63.9842	-21.1832	500
429	laug	63.9223	-21.2934	500
430	laug	64.1023	-21.843	500
431	laug	64.4904	-21.1502	500
432	laug	64.5168	-21.4092	500
433	volgra	64.5854	-20.6963	500
434	laug	64.52	-21.1598	500
435	laug	64.5087	-21.2053	500
436	laug	64.6953	-20.8803	500
437	laug	64.6896	-20.9441	500
438	laug	64.695	-21.0218	500
439	laug	64.6855	-21.0396	500
440	laug	64.6819	-21.0672	500
441	laug	64.6697	-21.2442	500
442	laug	64.8619	-21.149	500
443	laug	64.8791	-21.1117	500
444	laug	64.7906	-22.3429	500
445	laug	65.5088	-22.3407	500
446	laug	65.6373	-22.535	500
447	laug	65.6256	-23.4726	500
448	laug	65.7254	-23.4192	500
449	laug	66.1124	-23.4629	500
450	laug	65.9688	-22.6706	500
451	laug	65.8863	-22.5844	500
452	laug	65.8482	-22.6061	500
453	laug	65.8287	-22.6581	500
454	laug	65.8391	-22.676	500
455	laug	65.7936	-22.5142	500
456	laug	65.8191	-22.505	500
457	laug	65.9162	-22.3446	500
458	laug	66.188	-21.8772	500
459	laug	66.1792	-21.8834	500
460	laug	65.8265	-21.5763	500
461	laug	65.7935	-21.5489	500
462	laug	65.779	-21.5453	500
463	laug	65.5589	-21.5404	500
464	laug	65.0252	-18.3264	500
465	laug	65.4447	-19.2545	500
466	laug	65.5048	-19.3903	500
467	laug	65.5327	-19.4074	500
468	laug	65.733	-19.619	500
469	laug	65.3062	-18.2505	500
470	laug	65.5862	-18.0868	500
471	laug	65.62	-18.0912	500
472	laug	65.7444	-18.2695	500
473	laug	65.815	-17.9117	500
474	laug	65.9436	-18.5106	500
475	laug	65.9762	-18.7966	500
476	laug	66.0309	-18.6895	500
477	laug	64.9499	-17.7723	500
478	laug	64.9714	-17.6641	500
479	laug	65.5584	-17.1349	500
480	laug	66.1046	-16.7104	500
481	laug	65.8014	-14.9111	500
482	laug	64.9828	-15.5963	500
483	laug	64.8342	-15.4166	500
484	laug	64.6855	-16.5285	500
485	gufa	64.5731	-18.1454	500
486	laug	64.6214	-18.7919	500
487	laug	63.7544	-19.5144	500
488	laug	64.0067	-20.0723	500
489	laug	63.9084	-20.4868	500
490	laug	63.9882	-20.4514	500
491	laug	64.1316	-20.2593	500
492	laug	64.2062	-20.392	500
493	laug	64.2038	-20.6165	500
494	laug	63.913	-20.412	500
495	laug	64.0179	-20.527	500
496	laug	64.0475	-20.6575	500
497	laug	64.0377	-20.6616	500
498	laug	63.9061	-20.7844	500
499	laug	63.9262	-20.9446	500
500	laug	63.9421	-20.9541	500
501	laug	63.9468	-20.9655	500
502	laug	63.9384	-21.2802	500
503	laug	64.2071	-21.6993	500
504	laug	64.9621	-21.5112	500
505	laug	64.836	-22.3242	500
506	laug	64.821	-22.4267	500
507	kolsýrulaugar	64.8674	-22.2541	500
508	kolsýrulaugar	64.8433	-23.215	500
509	laug	64.9704	-23.0825	500
510	laug	65.2469	-21.8019	500
511	laug	65.6175	-23.4671	500
512	laug	65.9554	-22.6695	500
513	laug	65.8023	-22.5376	500
514	laug	65.7982	-22.5581	500
515	laug	65.8744	-22.2343	500
516	laug	66.0202	-22.3845	500
517	laug	66.2496	-22.0881	500
518	laug	65.8315	-21.5819	500
519	laug	65.8235	-21.5808	500
520	laug	65.819	-21.5826	500
521	laug	64.5336	-21.1282	500
522	laug	64.5373	-21.6993	500
523	laug	64.4244	-21.8622	500
524	laug	65.5521	-20.6106	500
525	laug	65.5379	-19.3881	500
526	laug	65.4845	-19.3619	500
527	laug	65.3463	-19.0975	500
528	laug	65.6615	-19.0724	500
529	laug	66.0719	-19.217	500
530	laug	66.0342	-19.1321	500
531	laug	66.0763	-19.069	500
532	laug	66.0614	-18.7284	500
533	laug	65.6682	-18.1549	500
534	laug	65.5981	-18.0846	500
535	laug	65.5757	-18.0415	500
536	laug	65.5639	-18.1024	500
537	laug	65.5728	-18.1027	500
538	laug	65.5718	-18.7154	500
539	laug	65.6261	-16.8871	500
540	laug	64.8841	-15.3414	500
541	laug	64.6834	-16.5441	500
542	laug	64.3459	-15.8147	500
543	laug	64.0558	-17.0572	500
544	laug	65.7184	-17.3442	500
545	laug	65.7102	-17.7244	500
546	gufa	64.5788	-18.1385	500
547	laug	64.6403	-18.7869	500
548	laug	64.4003	-19.9918	500
549	laug	64.3157	-20.309	500
550	laug	64.2737	-20.3323	500
551	laug	64.1841	-20.6015	500
552	laug	64.1432	-20.5654	500
553	laug	64.1131	-20.4628	500
554	laug	64.0092	-20.2652	500
555	laug	64.001	-20.325	500
556	laug	63.9596	-20.3252	500
557	laug	64.033	-20.7286	500
558	laug	64.0833	-20.8278	500
559	laug	64.0066	-20.926	500
560	laug	63.9803	-20.85	500
561	laug	63.9586	-20.8069	500
562	laug	63.9672	-20.9766	500
563	laug	63.9411	-21.0115	500
564	laug	63.9523	-21.2664	500
565	laug	64.1654	-21.6582	500
566	laug	64.5031	-21.1896	500
567	laug	64.5437	-21.368	500
568	laug	64.6905	-20.8218	500
569	laug	64.6499	-21.4914	500
570	laug	64.6802	-21.4088	500
571	laug	64.7334	-21.4314	500
572	laug	64.7239	-21.5772	500
573	laug	65.4522	-22.2445	500
574	laug	65.5111	-22.313	500
575	laug	65.4488	-22.646	500
576	laug	65.4533	-23.0305	500
577	laug	65.889	-22.2697	500
578	laug	66.2446	-22.0881	500
579	laug	66.0529	-21.5011	500
580	laug	65.996	-21.3184	500
581	laug	65.4749	-19.3627	500
582	laug	65.4817	-19.3799	500
583	laug	65.4889	-19.388	500
584	laug	65.8818	-19.7375	500
585	laug	66.0589	-19.1269	500
586	laug	66.0525	-19.125	500
587	laug	66.0524	-19.1028	500
588	laug	66.021	-19.0063	500
589	laug	66.0077	-19.0119	500
590	laug	66.0284	-18.4059	500
591	laug	65.3086	-14.4413	500
592	laug	64.4174	-15.5415	500
593	laug	64.0858	-17.4465	500
594	laug	64.712	-17.7981	500
595	laug	64.7049	-17.7807	500
596	volgra	64.7729	-17.504	500
597	laug	64.6401	-18.7709	500
598	laug	64.6488	-18.8398	500
599	laug	63.5781	-19.5488	500
600	laug	63.5632	-19.6179	500
601	laug	64.0183	-20.0741	500
602	laug	64.0266	-20.2228	500
603	laug	63.9993	-20.4838	500
604	laug	64.0411	-20.4517	500
605	laug	64.0115	-20.5563	500
606	laug	63.98	-21.2238	500
607	hver	64.1536	-21.6771	500
608	hver	64.1754	-21.6247	500
609	hver	64.4981	-21.1692	500
610	hver	64.6438	-21.4857	500
611	hver	64.6579	-21.4299	500
612	hver	64.6905	-21.0331	500
613	hver	64.7013	-21.3141	500
614	hver	64.7642	-21.3435	500
615	hver	64.7186	-21.5858	500
616	hver	65.3465	-23.1609	500
617	hver	66.0005	-21.3188	500
618	hver	65.878	-21.4307	500
619	hver	65.6981	-21.5586	500
620	hver	65.4879	-20.9947	500
621	hver	65.5455	-20.2002	500
622	hver	65.2927	-19.0465	500
623	hver	66.0746	-19.2442	500
624	hver	65.608	-18.0843	500
625	hver	65.008	-15.758	500
626	hver	64.1585	-19.8202	500
627	hver	64.1661	-20.4821	500
628	hver	64.2161	-20.704	500
629	hver	64.0251	-20.5249	500
630	hver	64.1384	-21.8833	500
631	hver	64.1501	-21.6664	500
632	hver	64.1576	-21.6618	500
633	hver	64.1604	-21.6731	500
634	hver	64.1739	-21.6108	500
635	hver	64.4945	-21.1769	500
636	hver	64.6407	-21.4691	500
637	hver	64.6229	-21.5482	500
638	hver	64.6311	-21.5535	500
639	hver	64.6867	-21.4738	500
640	hver	64.6999	-21.4991	500
641	hver	64.7095	-21.3801	500
642	hver	64.9874	-20.9209	500
643	hver	65.4527	-22.1996	500
644	hver	65.4413	-22.1965	500
645	hver	65.4734	-23.0499	500
646	hver	65.9291	-22.4267	500
647	hver	65.3255	-20.8792	500
648	hver	65.5571	-19.4521	500
649	hver	66.1087	-16.9374	500
650	hver	66.0957	-16.6064	500
651	hver	64.6322	-16.6423	500
652	hver	64.043	-17.0855	500
653	hver	63.5709	-19.5513	500
654	hver	64.3285	-20.2777	500
655	hver	64.1095	-20.542	500
656	hver	64.109	-20.5802	500
657	hver	64.0629	-20.6536	500
658	hver	63.9474	-21.2728	500
659	hver	64.5316	-21.3242	500
660	hver	64.7072	-21.2359	500
661	hver	64.7021	-21.2417	500
662	hver	64.6662	-21.2821	500
663	hver	64.6579	-21.2831	500
664	hver	64.6574	-21.3229	500
665	hver	64.6662	-21.3612	500
666	hver	64.6691	-21.3773	500
667	hver	64.6601	-21.3696	500
668	hver	64.6585	-21.3989	500
669	hver	64.6641	-21.4128	500
670	hver	64.616	-21.5429	500
671	hver	64.6348	-21.4831	500
672	hver	64.6928	-21.4042	500
673	hver	64.6881	-21.5918	500
674	hver	65.2567	-21.106	500
675	hver	65.3939	-23.1477	500
676	hver	65.4463	-22.2045	500
677	hver	65.9241	-22.4271	500
678	hver	65.5774	-17.7587	500
679	hver	65.8816	-17.3034	500
680	hver	66.1763	-16.5541	500
681	hver	66.1561	-16.5837	500
682	laug	64.1727	-20.1528	500
683	hver	64.1819	-20.2363	500
684	hver	64.1874	-20.2776	500
685	hver	64.1365	-20.312	500
686	hver	64.1307	-20.316	500
687	hver	64.1234	-20.3293	500
688	hver	64.2367	-20.5194	500
689	laug	64.3068	-20.3026	500
690	hver	64.1729	-20.4482	500
691	hver	64.2056	-20.5621	500
692	hver	64.1991	-20.6133	500
693	hver	64.2035	-20.6974	500
694	hver	64.2144	-20.7327	500
695	hver	64.1158	-20.4912	500
696	hver	64.1108	-20.559	500
697	hver	64.1163	-20.5775	500
698	hver	63.9482	-21.2634	500
699	hver	64.2141	-20.5333	500
700	laug	65.585	-20.1801	500
701	gufa	63.8203	-22.6905	500
702	gufa	63.8151	-22.6867	500
703	gufa	63.8216	-22.6734	500
704	gufa	63.86	-22.5268	500
705	gufa	63.875	-22.4464	500
706	gufa	63.8797	-22.4288	500
707	gufa	63.8882	-22.1969	500
708	gufa	63.9294	-22.1051	500
709	gufa	63.9358	-22.1249	500
710	gufa	63.9464	-22.0908	500
711	gufa	63.9374	-22.0429	500
712	gufa	63.8895	-22.0848	500
713	gufa	63.902	-22.0941	500
714	gufa	63.8951	-22.0741	500
715	gufa	63.8917	-22.0631	500
716	gufa	63.9015	-22.0418	500
717	gufa	63.9055	-22.0189	500
718	gufa	63.9105	-21.9956	500
719	gufa	63.9445	-21.7724	500
720	gufa	64.0064	-21.3431	500
721	gufa	64.0207	-21.3932	500
722	gufa	64.0066	-21.18	500
723	gufa	64.011	-21.1826	500
724	gufa	64.018	-21.1794	500
725	gufa	64.0225	-21.1951	500
726	gufa	64.0256	-21.2123	500
727	gufa	64.0295	-21.197	500
728	gufa	64.039	-21.1605	500
729	gufa	64.0412	-21.1766	500
730	gufa	64.0398	-21.1958	500
731	gufa	64.0374	-21.2372	500
732	gufa	64.0478	-21.1968	500
733	gufa	64.0518	-21.1882	500
734	gufa	64.0502	-21.2353	500
735	gufa	64.076	-21.1967	500
736	gufa	64.0686	-21.2156	500
737	gufa	64.058	-21.235	500
738	gufa	64.0652	-21.2675	500
739	gufa	64.0561	-21.2855	500
740	gufa	64.043	-21.3364	500
741	gufa	64.0456	-21.3144	500
742	gufa	64.055	-21.3054	500
743	gufa	64.0608	-21.3163	500
744	gufa	64.0703	-21.3295	500
745	gufa	64.0767	-21.3326	500
746	gufa	64.0495	-21.3711	500
747	gufa	64.0958	-21.2715	500
748	gufa	64.1008	-21.2642	500
749	gufa	64.5847	-20.6758	500
750	gufa	64.3144	-20.2952	500
751	gufa	64.8643	-19.5702	500
752	gufa	64.6412	-19.3004	500
753	gufa	64.6334	-19.3139	500
754	gufa	64.636	-19.3045	500
755	gufa	64.6368	-19.2907	500
756	gufa	64.6322	-19.2837	500
757	gufa	64.6247	-19.2741	500
758	gufa	64.6192	-19.2497	500
759	gufa	64.6288	-19.2493	500
760	gufa	64.6176	-19.2292	500
761	gufa	64.6242	-19.2274	500
762	gufa	64.6327	-19.2149	500
763	gufa	63.9391	-19.3277	500
764	gufa	63.9552	-19.3347	500
765	gufa	63.968	-19.3035	500
766	gufa	63.9822	-19.2826	500
767	gufa	63.973	-19.2765	500
768	gufa	63.9607	-19.2759	500
769	gufa	63.9674	-19.2569	500
770	gufa	63.9331	-19.2585	500
771	gufa	63.9415	-19.2434	500
772	gufa	63.9311	-19.245	500
773	gufa	63.9238	-19.2273	500
774	gufa	63.9345	-19.219	500
775	gufa	63.9469	-19.2189	500
776	gufa	63.9342	-19.2169	500
777	gufa	63.9264	-19.2034	500
778	gufa	63.9151	-19.2016	500
779	gufa	63.9189	-19.1875	500
780	gufa	63.9219	-19.1701	500
781	gufa	63.9114	-19.1678	500
782	gufa	63.9088	-19.1803	500
783	gufa	63.9056	-19.198	500
784	gufa	63.8983	-19.212	500
785	gufa	63.9035	-19.1678	500
786	gufa	63.8923	-19.159	500
787	gufa	63.8924	-19.1765	500
788	gufa	63.9416	-19.2403	500
789	gufa	63.9457	-19.2189	500
790	gufa	63.9476	-19.1981	500
791	gufa	63.9422	-19.1846	500
792	gufa	63.9597	-19.1898	500
793	gufa	63.9563	-19.1726	500
794	gufa	63.9504	-19.1617	500
795	gufa	63.9546	-19.1528	500
796	gufa	63.9577	-19.1391	500
797	gufa	63.9461	-19.1279	500
798	gufa	63.9953	-19.0603	500
799	gufa	63.9903	-19.0972	500
800	gufa	63.9878	-19.1154	500
801	gufa	63.9809	-19.09	500
802	hver	63.9881	-19.0618	500
803	gufa	63.9705	-19.1114	500
804	gufa	63.9707	-19.0869	500
805	gufa	63.9628	-19.0932	500
806	laug	63.9816	-18.9996	500
807	gufa	63.9759	-19.0309	500
808	gufa	63.9684	-19.0434	500
809	gufa	63.9538	-19.067	500
810	gufa	63.9461	-19.0803	500
811	gufa	63.9409	-19.0446	500
812	gufa	63.9441	-19.0202	500
813	gufa	63.9335	-19.0731	500
814	gufa	63.9284	-19.0462	500
815	gufa	63.9272	-19.1121	500
816	gufa	63.9205	-19.1142	500
817	gufa	63.9191	-19.0916	500
818	gufa	63.9069	-19.0992	500
819	gufa	63.9031	-19.0678	500
820	gufa	63.8943	-19.1042	500
821	gufa	63.8982	-19.1172	500
822	gufa	63.9034	-19.1325	500
823	gufa	64.5665	-18.1113	500
824	gufa	64.5758	-18.1344	500
825	gufa	64.6826	-17.9052	500
826	gufa	64.6908	-17.8994	500
827	gufa	64.4415	-17.4159	500
828	gufa	64.3962	-17.381	500
829	gufa	64.4033	-17.3005	500
830	gufa	64.4163	-17.2792	500
831	gufa	64.4127	-17.2626	500
832	gufa	64.4465	-17.2403	500
833	gufa	64.6881	-16.6541	500
834	gufa	64.68	-16.6712	500
835	gufa	64.6708	-16.6908	500
836	gufa	64.6705	-16.6914	500
837	gufa	64.6635	-16.7097	500
838	gufa	64.6552	-16.7059	500
839	gufa	65.0188	-16.691	500
840	gufa	65.0124	-16.7219	500
841	gufa	65.0153	-16.7706	500
842	gufa	65.0459	-16.7253	500
843	gufa	65.427	-16.6484	500
844	gufa	65.6351	-16.795	500
845	gufa	65.6409	-16.8043	500
846	gufa	65.6374	-16.812	500
847	gufa	65.6311	-16.815	500
848	gufa	65.6434	-16.8179	500
849	gufa	65.6354	-16.8593	500
850	gufa	65.6234	-16.8646	500
851	gufa	65.6996	-16.8302	500
852	gufa	65.6931	-16.7318	500
853	gufa	65.6994	-16.7401	500
854	gufa	65.7048	-16.7455	500
855	gufa	65.7065	-16.7566	500
856	gufa	65.7099	-16.7471	500
857	gufa	65.7201	-16.7515	500
858	gufa	65.7109	-16.773	500
859	gufa	65.7239	-16.7966	500
860	gufa	65.7316	-16.7884	500
861	gufa	65.7914	-16.7783	500
862	gufa	65.7942	-16.7605	500
863	gufa	65.8016	-16.7547	500
864	gufa	65.8137	-16.7522	500
865	gufa	65.8221	-16.7424	500
866	gufa	65.8845	-16.9301	500
867	gufa	65.8781	-16.9486	500
868	gufa	65.87	-16.9579	500
869	gufa	65.8794	-16.9676	500
870	gufa	65.9006	-16.9978	500
871	gufa	65.8666	-16.978	500
872	gufa	65.8814	-16.979	500
873	gufa	65.8723	-17.0054	500
874	gufa	65.8587	-16.9951	500
875	laug	65.6681	-23.9478	500
876	laug	65.6633	-23.9354	500
877	laug	65.6561	-23.9021	500
878	laug	65.6468	-23.8829	500
879	volgra	65.6133	-23.8226	500
880	volgra	65.6124	-23.7988	500
881	volgra	65.5911	-23.9727	500
882	laug	65.6327	-23.4656	500
883	laug	66.1093	-23.4278	500
884	volgra	66.0492	-22.8297	500
885	volgra	65.9914	-22.846	500
886	laug	65.8309	-22.6279	500
887	laug	65.9488	-21.388	500
888	volgra	65.7813	-21.4017	500
889	volgra	65.7794	-21.4007	500
890	volgra	64.1873	-21.7623	500
891	laug	64.0952	-22.0386	500
892	gufa	63.8136	-22.6995	500
893	gufa	63.9538	-22.0946	500
894	gufa	63.9182	-22.1396	500
895	gufa	63.8905	-22.036	500
896	laug	65.9859	-18.3988	500
897	volgra	64.1305	-21.7619	500
898	hver	64.6659	-22.3684	500
899	kolsýrulaugar	64.5145	-15.0746	500
900	kolsýrulaugar	64.085	-21.2989	500
901	volgra	65.7621	-21.674	500
902	volgra	65.8691	-21.341	500
903	volgra	66.1751	-22.0642	500
904	volgra	66.0546	-22.8263	500
905	volgra	64.4849	-21.1462	500
906	volgra	64.5645	-21.4074	500
907	volgra	64.5039	-21.3995	500
908	volgra	64.5163	-21.5208	500
909	volgra	64.6719	-21.4547	500
910	volgra	64.6201	-21.2653	500
911	volgra	64.6832	-21.2552	500
912	volgra	64.6623	-21.1697	500
913	kolsýrulaugar	64.8436	-21.9775	500
914	kolsýrulaugar	64.8757	-22.2695	500
915	kolsýrulaugar	64.903	-22.1314	500
916	kolsýrulaugar	64.9186	-22.0937	500
917	kolsýrulaugar	64.9047	-22.7442	500
918	kolsýrulaugar	64.8871	-23.6188	500
919	kolsýrulaugar	64.9458	-23.1666	500
920	laug	64.9883	-20.8969	500
921	laug	65.4041	-22.9735	500
922	volgra	65.4563	-20.3253	500
923	volgra	65.8028	-20.2428	500
924	laug	65.495	-19.3435	500
925	laug	65.5643	-18.0693	500
926	laug	65.4796	-18.0702	500
927	volgra	65.6465	-19.0249	500
928	hver	65.821	-18.0787	500
929	volgra	65.942	-18.11	500
930	volgra	65.8925	-17.5894	500
931	laug	66.0478	-17.3582	500
932	hver	65.8922	-17.3084	500
933	gufa	64.0876	-21.2579	500
934	gufa	64.0668	-21.2422	500
935	gufa	64.0259	-21.1692	500
936	gufa	64.0503	-21.2268	500
937	gufa	64.0709	-21.3205	500
938	volgra	64.4219	-20.978	500
939	volgra	65.2363	-20.0182	500
940	laug	65.4361	-19.3126	500
941	volgra	65.3537	-19.1057	500
942	volgra	65.1131	-18.4309	500
943	laug	65.029	-18.3203	500
944	volgra	64.9453	-18.2877	500
945	volgra	64.9245	-18.2722	500
946	gufa	64.6706	-17.9086	500
947	gufa	64.5953	-18.0806	500
948	gufa	64.8554	-19.5625	500
949	laug	64.8786	-19.5701	500
950	volgra	64.9326	-19.5982	500
951	gufa	64.9085	-19.543	500
952	volgra	64.032	-17.903	500
953	volgra	64.0159	-19.1492	500
954	laug	64.0217	-19.0947	500
955	volgra	64.0303	-19.0694	500
956	volgra	63.9776	-19.2279	500
957	laug	63.9577	-19.0148	500
958	gufa	63.9138	-19.0367	500
959	gufa	63.9039	-19.0463	500
960	volgra	63.8813	-19.0071	500
961	kolsýrulaugar	63.8602	-18.9734	500
962	kolsýrulaugar	63.8452	-18.9766	500
963	laug	63.8787	-19.1558	500
964	laug	63.8625	-19.193	500
965	volgra	63.8464	-19.2269	500
966	gufa	63.9153	-19.3037	500
967	gufa	63.8971	-19.2419	500
968	gufa	63.8914	-19.2288	500
969	volgra	63.8829	-19.2118	500
970	hiti í virkum eldstöðvum	63.9924	-19.6708	500
971	hiti í virkum eldstöðvum	63.4337	-20.2467	500
972	hiti í virkum eldstöðvum	63.3028	-20.6061	500
973	hver	63.3058	-20.6147	500
974	laug	65.6362	-16.9133	500
975	gufa	64.6543	-16.7249	500
976	laug	64.6761	-16.5469	500
977	volgra	64.7093	-16.4735	500
978	laug	64.2361	-16.0695	500
979	kolsýrulaugar	64.3341	-15.2456	500
980	kolsýrulaugar	64.2517	-15.4504	500
981	volgra	65.6767	-23.6043	500
982	laug	65.5249	-23.325	500
983	kolsýrulaugar	64.9818	-23.1581	500
984	laug	64.8211	-22.4367	500
985	volgra	64.6312	-21.4076	500
986	volgra	64.4506	-21.098	500
987	volgra	64.7257	-22.3375	500
988	volgra	64.162	-21.7407	500
989	volgra	64.1761	-21.5567	500
990	volgra	64.1687	-21.5049	500
991	volgra	64.1602	-21.5572	500
992	volgra	63.9933	-20.7565	500
993	laug	63.9295	-21.292	500
994	volgra	63.9401	-21.2738	500
995	volgra	63.9685	-21.2602	500
996	volgra	63.9688	-21.2157	500
997	laug	63.9876	-21.1604	500
998	laug	63.9806	-21.1672	500
999	volgra	64.4295	-20.9864	500
1000	volgra	64.4027	-19.9634	500
1001	volgra	64.3181	-20.2889	500
1002	volgra	63.9024	-20.5107	500
1003	volgra	64.0746	-19.9951	500
1004	volgra	65.442	-19.3149	500
1005	laug	65.4916	-19.3986	500
1006	volgra	65.4835	-19.3954	500
1007	volgra	64.6427	-18.5703	500
1008	volgra	64.6476	-18.5558	500
1009	volgra	64.6536	-18.54	500
1010	laug	64.8249	-19.276	500
1011	laug	66.1832	-16.9945	500
1012	volgra	66.1078	-16.9571	500
1013	volgra	65.8761	-17.453	500
1014	laug	65.8349	-17.3168	500
1015	volgra	65.8318	-17.2782	500
1016	laug	65.8185	-17.3031	500
1017	volgra	65.8078	-17.2927	500
1018	laug	65.8065	-17.3196	500
1019	laug	65.7841	-17.274	500
1020	volgra	65.7543	-17.253	500
1021	laug	65.7461	-17.3723	500
1022	laug	65.672	-17.3154	500
1023	volgra	65.6556	-17.3055	500
1024	laug	65.6463	-17.2831	500
1025	volgra	65.6385	-17.3001	500
1026	laug	65.629	-17.2934	500
1027	volgra	65.6207	-17.2967	500
1028	volgra	65.6515	-17.1763	500
1029	volgra	65.52	-23.488	500
1030	laug	65.8608	-22.5749	500
1031	volgra	65.7933	-21.3452	500
1032	laug	65.9728	-22.5994	500
1033	hiti í virkum eldstöðvum	63.6389	-19.4464	500
1034	hiti í virkum eldstöðvum	63.6375	-19.4428	500
1035	hiti í virkum eldstöðvum	64.8646	-16.8414	500
1036	hiti í virkum eldstöðvum	64.8703	-16.835	500
1037	hiti í virkum eldstöðvum	64.8805	-16.8097	500
